<?xml version="1.0" encoding="UTF-8"?>
<project-private xmlns="http://www.netbeans.org/ns/project-private/1">
    <editor-bookmarks xmlns="http://www.netbeans.org/ns/editor-bookmarks/2" lastBookmarkId="0"/>
    <open-files xmlns="http://www.netbeans.org/ns/projectui-open-files/2">
        <group>
            <file>file:/C:/Users/arati.halakate/OneDrive%20-%20Temenos/Documents/NetBeansProjects/ATMSimulator/src/atmsimulator/Transactions.java</file>
            <file>file:/C:/Users/arati.halakate/OneDrive%20-%20Temenos/Documents/NetBeansProjects/ATMSimulator/src/atmsimulator/Deposit.java</file>
            <file>file:/C:/Users/arati.halakate/OneDrive%20-%20Temenos/Documents/NetBeansProjects/ATMSimulator/src/atmsimulator/Login.java</file>
            <file>file:/C:/Users/arati.halakate/OneDrive%20-%20Temenos/Documents/NetBeansProjects/ATMSimulator/src/atmsimulator/SignupThree.java</file>
            <file>file:/C:/Users/arati.halakate/OneDrive%20-%20Temenos/Documents/NetBeansProjects/ATMSimulator/src/atmsimulator/SignupOne.java</file>
            <file>file:/C:/Users/arati.halakate/OneDrive%20-%20Temenos/Documents/NetBeansProjects/ATMSimulator/src/atmsimulator/SignupTwo.java</file>
            <file>file:/C:/Users/arati.halakate/OneDrive%20-%20Temenos/Documents/NetBeansProjects/ATMSimulator/src/atmsimulator/Conn.java</file>
        </group>
    </open-files>
</project-private>
